Identificador de URL;Nombre;Categorías;Nombre de propiedad 1;Valor de propiedad 1;Nombre de propiedad 2;Valor de propiedad 2;Nombre de propiedad 3;Valor de propiedad 3;Precio;Precio promocional;Peso (kg);Alto (cm);Ancho (cm);Profundidad (cm);Stock;SKU;Código de barras;Mostrar en tienda;Envío sin cargo;Descripción;Tags;Título para SEO;Descripción para SEO;Marca;Producto Físico;MPN (Número de pieza del fabricante);Sexo;Rango de edad;Costo
pantalon-mode-negro;Pantalón Mode Negro;Nuevo, Pantalones y Faldas;Talla;S;;;;;182,000.00;;0.00;0.00;0.00;0.00;18;;;NO;NO;"<p>Pantal&oacute;n negro de silueta amplia y ca&iacute;da fluida. Los pliegues delanteros aportan movimiento al dise&ntilde;o, mientras la cintura con el&aacute;stico en la parte posterior brinda mayor comodidad.</p>
<p>Un dise&ntilde;o vers&aacute;til, favorecedor y f&aacute;cil de combinar.</p>
<h4>Detalles</h4>
<p>&bull; Manu usa talla S<br />&bull; Tela resistente a las arrugas<br />&bull; Bolsillos laterales<br />&bull; Composici&oacute;n: 80% algod&oacute;n, 15% poli&eacute;ster, 5% elastano</p>
<h4>Medidas</h4>
<p>&bull; Talla S (6-8): Cintura 68&ndash;76 cm &middot; Cadera 106 cm &middot; Largo 104 cm<br />&bull; Talla M (8-10): Cintura 72&ndash;80 cm &middot; Cadera 110 cm &middot; Largo 105 cm<br />&bull; Talla L (10-12): Cintura 76&ndash;84 cm &middot; Cadera 116 cm &middot; Largo 106 cm</p>
<h4>Recomendaci&oacute;n de talla</h4>
<p>Elige tu talla habitual.</p>
<h4>Cuidados</h4>
<p>Lavar a mano con agua fr&iacute;a. No usar secadora.</p>";amplio, elegante, mode, Negro, oficina, pantalon ancho, pantalon mode, pantalon negro;;;;SI;;;;0.00
pantalon-mode-negro;;;Talla;M;;;;;182,000.00;;0.00;0.00;0.00;0.00;19;;;;;;;;;;;;;;0.00
pantalon-mode-negro;;;Talla;L;;;;;182,000.00;;0.00;0.00;0.00;0.00;8;;;;;;;;;;;;;;0.00
chaleco-noir;Chaleco Noir;Nuevo, Camisas y Chalecos;Talla;S;;;;;112,000.00;;0.00;0.00;0.00;0.00;16;;;NO;NO;"<p>Chaleco negro con escote en V y frente cruzado en diagonal. Su corte a la cintura aporta una silueta limpia y vers&aacute;til.</p>
<p>Un dise&ntilde;o atemporal que eleva cualquier look desde la simplicidad de sus l&iacute;neas.</p>
<h4>Detalles</h4>
<p>&bull; Manu usa talla S<br />&bull; Frente de doble tela que aporta mayor estructura al dise&ntilde;o<br />&bull; Incluye bot&oacute;n de repuesto<br />&bull; Composici&oacute;n: 90% ray&oacute;n, 10% poli&eacute;ster</p>
<h4>Medidas</h4>
<p>&bull; Talla S: Pecho 88 cm &middot; Largo 46 cm<br />&bull; Talla M: Pecho 92 cm &middot; Largo 47 cm<br />&bull; Talla L: Pecho 96 cm &middot; Largo 48 cm</p>
<h4>Recomendaci&oacute;n de talla</h4>
<p>Elige tu talla habitual.</p>
<h4>Cuidados</h4>
<p>Lavar a mano con agua fr&iacute;a. No usar secadora.</p>";chaleco, chaleco negro, chaleco noir, Comodo, conjunto, cruzado, diagonal, Negro, nuevo, set;;;;SI;;;;0.00
chaleco-noir;;;Talla;M;;;;;112,000.00;;0.00;0.00;0.00;0.00;17;;;;;;;;;;;;;;0.00
chaleco-noir;;;Talla;L;;;;;112,000.00;;0.00;0.00;0.00;0.00;7;;;;;;;;;;;;;;0.00
pantalon-noir;Pantalón Noir;Pantalones y Faldas;Talla;S;;;;;182,000.00;;0.00;0.00;0.00;0.00;16;;;NO;NO;"<p>Pantal&oacute;n negro de pierna recta y cintura ajustable. Puedes llevarlo tiro medio o m&aacute;s alto seg&uacute;n prefieras, mientras su silueta fluida aporta una ca&iacute;da relajada sin perder estructura.</p>
<p>Un dise&ntilde;o atemporal, vers&aacute;til y f&aacute;cil de combinar.</p>
<h4>Detalles</h4>
<p>&bull; Manu usa talla S<br />&bull; Cintura ajustable con tira<br />&bull; Bolsillos laterales<br />&bull; Composici&oacute;n: 90% ray&oacute;n, 10% poli&eacute;ster</p>
<h4>Medidas</h4>
<p>&bull; Talla S (6-8): Cintura ajustable 68&ndash;86 cm &middot; Cadera 106 cm &middot; Largo 104 cm<br />&bull; Talla M (8-10): Cintura ajustable 72&ndash;90 cm &middot; Cadera 110 cm &middot; Largo 105 cm<br />&bull; Talla L (10-12): Cintura ajustable 76&ndash;94 cm &middot; Cadera 116 cm &middot; Largo 106 cm</p>
<h4>Recomendaci&oacute;n de talla</h4>
<p>Elige tu talla habitual. La cintura ajustable permite llevarlo tiro medio o m&aacute;s alto seg&uacute;n prefieras.</p>
<h4>Cuidados</h4>
<p>Lavar a mano con agua fr&iacute;a. No usar secadora.</p>";amplio, anchito, casual, Comodo, conjunto, Negro, noir, nuevo, Pantalon, pantalon noir, pantalon nuevo, pantalon recto, ropa negra, set;;;;SI;;;;0.00
pantalon-noir;;;Talla;M;;;;;182,000.00;;0.00;0.00;0.00;0.00;17;;;;;;;;;;;;;;0.00
pantalon-noir;;;Talla;L;;;;;182,000.00;;0.00;0.00;0.00;0.00;7;;;;;;;;;;;;;;0.00
vestido-lush;Vestido Lush;Nuevo, Vestidos;Talla;S;;;;;168,000.00;;0.00;0.00;0.00;0.00;10;;;SI;NO;"<p>Vestido negro de silueta que se adapta al cuerpo, con abertura lateral que estiliza la figura. Las tiras graduables permiten ajustar el largo para adaptarlo a ti.</p>
<p>Un dise&ntilde;o atemporal, favorecedor y f&aacute;cil de llevar.</p>
<h4>Detalles</h4>
<p>&bull; Manu usa talla S<br />&bull; Tiras graduables<br />&bull; Tela con ligera elasticidad<br />&bull; Composici&oacute;n: 98% poli&eacute;ster, 2% elastano</p>
<h4>Medidas</h4>
<p>&bull; Talla S: Pecho 74&ndash;89 cm &middot; Cintura 66&ndash;81 cm &middot; Cadera 88&ndash;103 cm &middot; Largo 128 cm<br />&bull; Talla M: Pecho 76&ndash;94 cm &middot; Cintura 68&ndash;86 cm &middot; Cadera 90&ndash;108 cm &middot; Largo 129 cm<br />&bull; Talla L: Pecho 80&ndash;98 cm &middot; Cintura 72&ndash;92 cm &middot; Cadera 94&ndash;114 cm &middot; Largo 130 cm</p>
<h4>Recomendaci&oacute;n de talla</h4>
<p>Elige tu talla habitual. Si est&aacute;s entre dos tallas, elige una menos para un fit m&aacute;s ajustado o una m&aacute;s para mayor comodidad.</p>
<h4>Cuidados</h4>
<p>Lavar a mano con agua fr&iacute;a. No usar secadora.</p>";a la moda, casual, Comodo, de moda, elegante, lo nuevo, lush, Negro, nuevo, vestido lush, vestido negro, vestido nuevo, vestido tiras;;;;SI;;;;0.00
vestido-lush;;;Talla;M;;;;;168,000.00;;0.00;0.00;0.00;0.00;14;;;;;;;;;;;;;;0.00
vestido-lush;;;Talla;L;;;;;168,000.00;;0.00;0.00;0.00;0.00;7;;;;;;;;;;;;;;0.00
pantalon-mode-verde;Pantalón Mode Verde;Nuevo, Pantalones y Faldas;Talla;S;;;;;182,000.00;;0.00;0.00;0.00;0.00;16;;;SI;NO;"<p>Pantal&oacute;n verde militar de silueta amplia y ca&iacute;da fluida. Los pliegues delanteros aportan movimiento al dise&ntilde;o, mientras la cintura con el&aacute;stico en la parte posterior brinda mayor comodidad.</p>
<p>Un dise&ntilde;o vers&aacute;til, favorecedor y f&aacute;cil de combinar.</p>
<h4>Detalles</h4>
<p>&bull; Manu usa talla S<br />&bull; Tela resistente a las arrugas<br />&bull; Bolsillos laterales<br />&bull; Composici&oacute;n: 80% algod&oacute;n, 15% poli&eacute;ster, 5% elastano</p>
<h4>Medidas</h4>
<p>&bull; Talla S (6-8): Cintura 68&ndash;76 cm &middot; Cadera 106 cm &middot; Largo 104 cm<br />&bull; Talla M (8-10): Cintura 72&ndash;80 cm &middot; Cadera 110 cm &middot; Largo 105 cm<br />&bull; Talla L (10-12): Cintura 76&ndash;84 cm &middot; Cadera 116 cm &middot; Largo 106 cm</p>
<h4>Recomendaci&oacute;n de talla</h4>
<p>Elige tu talla habitual.</p>
<h4>Cuidados</h4>
<p>Lavar a mano con agua fr&iacute;a. No usar secadora.</p>";ancho, Comodo, elastico, elegante, lo nuevo, mode, oficina, Pantalon, pantalon ancho, pantalon mode, Verde, verde militar, versatil;;;;SI;;;;
pantalon-mode-verde;;;Talla;M;;;;;182,000.00;;0.00;0.00;0.00;0.00;2;;;;;;;;;;;;;;
pantalon-mode-verde;;;Talla;L;;;;;182,000.00;;0.00;0.00;0.00;0.00;3;;;;;;;;;;;;;;
vestido-mist-yo0h9;Vestido Mist;Nuevo, Vestidos;Talla;S;;;;;168,000.00;;0.00;0.00;0.00;0.00;11;;;SI;NO;"<p style=""text-align: left;"" data-start=""270"" data-end=""472"">Mist es ese vestido negro que combina con todo. Tiene una ca&iacute;da ligera, un fit c&oacute;modo y una parte superior que ajusta suave, con escote en V y tiras que puedes regular para llevarlo justo como te gusta.</p>
<p style=""text-align: left;"" data-start=""474"" data-end=""733"">La tela tiene una textura natural muy bonita y no necesitas preocuparte por plancharla; cae fluida y acompa&ntilde;a perfecto este largo midi que funciona para muchos planes. El corte delantero con l&iacute;neas diagonales y los bolsillos lo hacen especial sin complicarlo.</p>
<p style=""text-align: left;"" data-start=""735"" data-end=""821"">En la espalda, las tiras se ajustan y se amarran, creando un detalle delicado y lindo.</p>
<p style=""text-align: left;"" data-start=""823"" data-end=""910"">Fresco, vers&aacute;til y f&aacute;cil de combinar: un vestido que vas a usar m&aacute;s de lo que imaginas.</p>
<p style=""text-align: left;"" data-start=""912"" data-end=""1065"">Detalles<br data-start=""920"" data-end=""923"" />&bull; Manu usa talla S.<br data-start=""942"" data-end=""945"" />&bull; Color: negro.<br data-start=""960"" data-end=""963"" />&bull; Tiras ajustables.<br data-start=""982"" data-end=""985"" />&bull; Bolsillos delanteros.<br data-start=""1008"" data-end=""1011"" />&bull; Composici&oacute;n: 40% algod&oacute;n, 55% poli&eacute;ster, 5% spandex.</p>
<p style=""text-align: left;"" data-start=""1067"" data-end=""1238"">Medidas<br data-start=""1074"" data-end=""1077"" />Talla S: Pecho 84 cm &middot; Cadera 106 cm &middot; Largo 120 cm<br data-start=""1128"" data-end=""1131"" />Talla M: Pecho 88 cm &middot; Cadera 110 cm &middot; Largo 121 cm<br data-start=""1182"" data-end=""1185"" />Talla L: Pecho 94 cm &middot; Cadera 112 cm &middot; Largo 122 cm</p>";lo nuevo, mist, Negro, ropa negra, ropa oscura, vestido, vestido ancho, vestido con bolsillos, vestido mist, vestido negro, vestido nuevo, vestido tiras;;;;SI;;;;
vestido-mist-yo0h9;;;Talla;M;;;;;168,000.00;;0.00;0.00;0.00;0.00;12;;;;;;;;;;;;;;
vestido-mist-yo0h9;;;Talla;L;;;;;168,000.00;;0.00;0.00;0.00;0.00;0;;;;;;;;;;;;;;
falda-abyss;Falda Abyss;Nuevo, Pantalones y Faldas;Talla;S;;;;;176,000.00;;0.00;0.00;0.00;0.00;4;;;SI;NO;"<p>Falda negra de silueta fluida con ruedo en ondas que aporta movimiento al dise&ntilde;o. La tela mesh con forro suave y la cintura el&aacute;stica brindan comodidad durante todo el d&iacute;a.</p>
<p>Un dise&ntilde;o vers&aacute;til, favorecedor y f&aacute;cil de combinar.</p>
<h4>Detalles</h4>
<p>&bull; Manu usa talla S<br />&bull; Tela mesh con forro suave y c&oacute;modo<br />&bull; Cintura el&aacute;stica<br />&bull; Composici&oacute;n: exterior 94% poli&eacute;ster, 6% spandex &middot; forro 97% poli&eacute;ster, 3% spandex</p>
<h4>Medidas</h4>
<p>&bull; Talla S (6&ndash;8): Cintura 62&ndash;80 cm &middot; Cadera hasta 104 cm &middot; Largo 91 cm<br />&bull; Talla M (8&ndash;10): Cintura 66&ndash;86 cm &middot; Cadera hasta 114 cm &middot; Largo 92 cm<br />&bull; Talla L (10&ndash;12): Cintura 70&ndash;92 cm &middot; Cadera hasta 124 cm &middot; Largo 93 cm</p>
<h4>Recomendaci&oacute;n de talla</h4>
<p>Elige tu talla habitual.</p>
<h4>Cuidados</h4>
<p>Lavar a mano con agua fr&iacute;a. No usar secadora.</p>";abyss, casual, elegante, Falda, falda negra;;;;SI;;;;
falda-abyss;;;Talla;M;;;;;176,000.00;;0.00;0.00;0.00;0.00;2;;;;;;;;;;;;;;
falda-abyss;;;Talla;L;;;;;176,000.00;;0.00;0.00;0.00;0.00;0;;;;;;;;;;;;;;
pantalon-riot;Pantalón Riot;Nuevo, Pantalones y Faldas;Talla;S;;;;;176,000.00;;0.00;0.00;0.00;0.00;6;;;SI;NO;"<p>Pantal&oacute;n de estampado leopardo con silueta fluida y cintura ajustable. Puedes llevarlo tiro medio o m&aacute;s alto seg&uacute;n prefieras, mientras su dise&ntilde;o aporta comodidad y movimiento.</p>
<p>Una versi&oacute;n vers&aacute;til del animal print, f&aacute;cil de combinar y llena de personalidad.</p>
<h4>Detalles</h4>
<p>&bull; Manu usa talla S<br />&bull; Cintura el&aacute;stica con tira ajustable<br />&bull; Tela resistente a las arrugas<br />&bull; Composici&oacute;n: 70% poliamida, 30% ray&oacute;n</p>
<h4>Medidas</h4>
<p>&bull; Talla S (6-8): Cintura 64&ndash;82 cm &middot; Cadera 112 cm &middot; Largo 104 cm<br />&bull; Talla M (8-10): Cintura 68&ndash;86 cm &middot; Cadera 116 cm &middot; Largo 105 cm<br />&bull; Talla L (10-12): Cintura 72&ndash;96 cm &middot; Cadera 120 cm &middot; Largo 106 cm</p>
<h4>Recomendaci&oacute;n de talla</h4>
<p>Elige tu talla habitual. La cintura ajustable permite llevarlo tiro medio o m&aacute;s alto seg&uacute;n prefieras.</p>
<h4>Cuidados</h4>
<p>Lavar a mano con agua fr&iacute;a. No usar secadora.</p>
<h4>Importante</h4>
<p>El estampado puede variar ligeramente en ubicaci&oacute;n, haciendo que cada prenda sea &uacute;nica.</p>";animal print, Comodo, Estampado, estampado leopardo, gris oscuro, leopardo, look casual, Pantalon, pantalon animal, pantalon con bolsillos, pantalon estampado, tonos neutros;;;;SI;;;;
pantalon-riot;;;Talla;M;;;;;176,000.00;;0.00;0.00;0.00;0.00;4;;;;;;;;;;;;;;
pantalon-riot;;;Talla;L;;;;;176,000.00;;0.00;0.00;0.00;0.00;0;;;;;;;;;;;;;;
moonstone-mesh;Moonstone Mesh;Nuevo, Camisetas y Tops;Talla;S;;;;;80,000.00;;0.00;0.00;0.00;0.00;3;;;SI;NO;"<p data-start=""172"" data-end=""424"">Un mesh que lo tiene todo: vers&aacute;til, c&oacute;modo y con detalles que marcan la diferencia. Las costuras externas le suman un toque &uacute;nico, mientras que su tela ultraflexible se adapta sin apretar, logrando un fit estilizado. Un b&aacute;sico con actitud para elevar cualquier look sin esfuerzo.</p>
<p>&bull; Manu usa talla S.</p>
<p>&bull; Composici&oacute;n: 94% poli&eacute;ster, 6% spandex (tela el&aacute;stica y ligera)</p>
<div>
<p>&bull; Talla S Pecho 72 a 88 cm&nbsp; - Largo 55 cm</p>
<p>&bull; Talla M Pecho 76 a 100 cm &nbsp;- Largo 56 cm</p>
<p>&bull; Talla L Pecho 82 a 108 cm &nbsp;- Largo 58 cm</p>
<p>Importante: La malla se entrega sin el top interno. &iexcl;As&iacute; puedes combinarla con lo que m&aacute;s te guste!</p>
</div>";Blanco, blusa, blusa manga larga, malla, malla blanca, MALLITA, Manga Larga, MAYA, maya blanca, MAYITA, MESH, moonstone, moonstone mesh, top, top blanco;;;;SI;;;;
moonstone-mesh;;;Talla;M;;;;;80,000.00;;0.00;0.00;0.00;0.00;9;;;;;;;;;;;;;;
moonstone-mesh;;;Talla;L;;;;;80,000.00;;0.00;0.00;0.00;0.00;1;;;;;;;;;;;;;;
body-blurred;Body Blurred;Nuevo, Camisetas y Tops;Talla;S;;;;;128,000.00;;0.00;0.00;0.00;0.00;11;;;SI;NO;"<p data-start=""79"" data-end=""468"">Negro, ajustado y con un dise&ntilde;o asim&eacute;trico que roba miradas. Este body de un solo hombro tiene un detalle &uacute;nico en la espalda que lo hace especial, sin necesidad de mucho m&aacute;s. La tela es el&aacute;stica, suave y completamente forrada, as&iacute; que te da soporte y seguridad &mdash;s&iacute;, incluso sin bra. Es en tanga para que no se marque nada, y los broches no tallan (pero s&iacute; te hacen la vida m&aacute;s f&aacute;cil).</p>
<p data-start=""470"" data-end=""493"">&bull; Manu usa talla S.</p>
<p data-start=""495"" data-end=""611"">&bull; Composici&oacute;n: 97% poli&eacute;ster, 3% spandex (tela el&aacute;stica, con buena estructura y dise&ntilde;ada para un ajuste ce&ntilde;ido).</p>
<p data-start=""613"" data-end=""664"">&bull; Talla S: Pecho 80 a 85 cm &ndash; Cadera 90 a 95 cm</p>
<p data-start=""666"" data-end=""718"">&bull; Talla M: Pecho 85 a 92 cm &ndash; Cadera 95 a 100 cm</p>
<p data-start=""720"" data-end=""773"">&bull; Talla L: Pecho 90 a 98 cm &ndash; Cadera 100 a 105 cm</p>
<p data-start=""720"" data-end=""773"">Nota: Este body es ajustado, tiene buena elasticidad y espalda descubierta.<br data-start=""198"" data-end=""201"" />Recomendamos pedir tu talla habitual.<br data-start=""238"" data-end=""241"" />Si est&aacute;s entre dos tallas o prefieres menos ajuste, elige una m&aacute;s.<br data-start=""307"" data-end=""310"" />&iquest;Dudas? Escr&iacute;benos y te ayudamos ?</p>";a la moda, asimetrico, Basico, bodie, body, casual, de moda, detalle espalda, Enterizo, espalda, irregular, moda, Negro, sensual, top, top negro, un hombro, un solo hombro;;;;SI;;;;
body-blurred;;;Talla;M;;;;;128,000.00;;0.00;0.00;0.00;0.00;7;;;;;;;;;;;;;;
body-blurred;;;Talla;L;;;;;128,000.00;;0.00;0.00;0.00;0.00;0;;;;;;;;;;;;;;
ethereal-mesh;Ethereal Mesh;Nuevo, Camisetas y Tops;Talla;S;;;;;86,000.00;;0.00;0.00;0.00;0.00;7;;;SI;NO;"<p>Este mesh es pura magia. Su estampado abstracto en tonos azules y neutros lo hace &uacute;nico &mdash;ideal para darle un upgrade a cualquier look. La tela es ultra c&oacute;moda, se adapta a tu cuerpo sin esfuerzo, y el cuello ligeramente alto le da ese toque cool. &Uacute;salo solo o en capas, te vas a ver incre&iacute;ble de cualquier forma.</p>
<p>&bull; Manu usa talla S.</p>
<p>&bull; Composici&oacute;n: 94% poli&eacute;ster, 6% spandex (tela el&aacute;stica y ligera)</p>
<div>
<p>&bull; Talla S Pecho 74 a 90 cm&nbsp; - Largo 52 cm</p>
<p>&bull; Talla M Pecho 78 a 102 cm &nbsp;- Largo 54 cm</p>
<p>&bull; Talla L Pecho 82 a 108 cm &nbsp;- Largo 56 cm</p>
<p>Importante: La malla se entrega sin el top interno, para que la combines como quieras. Adem&aacute;s, el estampado puede variar ligeramente en ubicaci&oacute;n, haciendo que cada prenda sea &uacute;nica.</p>
</div>";a la moda, de moda, Estampado, malla, MALLITA, manchas, Manga Larga, MAYA, MAYITA, MESH, moda, parchado, pintura, tendencia, tie dye, Transparencia, TRANSPARENTE;;;;SI;;;;
ethereal-mesh;;;Talla;M;;;;;86,000.00;;0.00;0.00;0.00;0.00;7;;;;;;;;;;;;;;
ethereal-mesh;;;Talla;L;;;;;86,000.00;;0.00;0.00;0.00;0.00;3;;;;;;;;;;;;;;
obsidian-mesh;Obsidian Mesh;Camisetas y Tops, Últimas unidades;Talla;S;;;;;80,000.00;64,000.00;0.00;0.00;0.00;0.00;2;;;SI;NO;"<p data-start=""172"" data-end=""424"">Un mesh negro que lo tiene todo: vers&aacute;til, c&oacute;modo y con detalles que marcan la diferencia. Las costuras externas le suman un toque &uacute;nico, mientras que su tela ultraflexible se adapta sin apretar, logrando un fit estilizado. Un b&aacute;sico con actitud para elevar cualquier look sin esfuerzo.</p>
<p>&bull; Manu usa talla S.</p>
<p>&bull; Composici&oacute;n: 94% poli&eacute;ster, 6% spandex (tela el&aacute;stica y ligera)</p>
<div>
<p>&bull; Talla S Pecho 72 a 88 cm&nbsp; - Largo 55 cm</p>
<p>&bull; Talla M Pecho 76 a 100 cm &nbsp;- Largo 56 cm</p>
<p>&bull; Talla L Pecho 82 a 108 cm &nbsp;- Largo 58 cm</p>
<p>Importante: La malla se entrega sin el top interno. &iexcl;As&iacute; puedes combinarla con lo que m&aacute;s te guste!</p>
</div>";Basico, malla, MALLITA, Manga Larga, MAYA, MAYITA, MESH, top, Transparencia, TRANSPARENTE;;;;SI;;;;
obsidian-mesh;;;Talla;M;;;;;80,000.00;64,000.00;0.00;0.00;0.00;0.00;0;;;;;;;;;;;;;;
obsidian-mesh;;;Talla;L;;;;;80,000.00;64,000.00;0.00;0.00;0.00;0.00;0;;;;;;;;;;;;;;
pantalon-urban-negro;Pantalón Urban Negro;Pantalones y Faldas;Talla;S;;;;;174,000.00;;0.00;0.00;0.00;0.00;6;;;SI;NO;"<p>&iexcl;Este pantal&oacute;n cargo ser&aacute; tu nueva obsesi&oacute;n! Con 6 bolsillos s&uacute;per pr&aacute;cticos y una tela tan suave que querr&aacute;s llevarlo a todas partes, es ideal para tus viajes. No se arruga y ocupa poco espacio, as&iacute; que siempre estar&aacute; listo para la aventura. Ajusta la bota a tu gusto: &uacute;salo con efecto ancho o rec&oacute;gelo para un look m&aacute;s cool. Adem&aacute;s, cuenta con el&aacute;stico en la cintura y una tira para un ajuste personalizado. Con tantos detalles &uacute;nicos, &iexcl;este cargo se convertir&aacute; en tu nuevo favorito!</p>
<p>&bull; Xime usa talla S.</p>
<div>
<p>&bull; Composici&oacute;n: 98% Poliamida - 2% Elastano</p>
<p>&bull; Talla S (6-8) Cintura 64 a 78 cm &nbsp;- Cadera 116 cm - Largo 105 cm</p>
<p>&bull; Talla M (8-10) Cintura 68 a 82 cm &nbsp;- Cadera 118 cm - Largo 106 cm</p>
<p>&bull; Talla L (10-12) Cintura 72 a 92 cm &nbsp;- Cadera 120 cm - Largo 107 cm</p>
</div>";a la moda, bolsillos, Cargo, moda, Pantalon, Pantalon Cargo, pantalon con bolsillos, pantalon negro, tendencia;;;;SI;;;;
pantalon-urban-negro;;;Talla;M;;;;;174,000.00;;0.00;0.00;0.00;0.00;3;;;;;;;;;;;;;;
pantalon-urban-negro;;;Talla;L;;;;;174,000.00;;0.00;0.00;0.00;0.00;0;;;;;;;;;;;;;;
pantalon-soft-arena;Pantalón Soft Arena;Pantalones y Faldas, Últimas unidades;Talla;S;;;;;165,000.00;115,500.00;0.00;0.00;0.00;0.00;6;;;SI;NO;"<p>&iexcl;El pantal&oacute;n soft es tu nuevo aliado! Su dise&ntilde;o minimalista y el&aacute;stico en la parte de atr&aacute;s de la cintura te dan comodidad y un ajuste ideal. Perfecto para un date, un plan con amigas o incluso para ir a la oficina. &Uacute;salo con el chaleco neat o con cualquier top que ya tengas en tu cl&oacute;set, &iexcl;t&uacute; decides! Hecho en una tela de efecto natural que le da un toque especial, este pantal&oacute;n tambi&eacute;n tiene una abertura sutil en la bota, &iexcl;lo que lo hace &uacute;nico! No te quedes sin el tuyo y dale un giro a tu look.</p>
<p>&bull; Xime usa talla S.</p>
<div>
<p>&bull; Composici&oacute;n: 80% Algod&oacute;n - 20% Ray&oacute;n</p>
<p>&bull; Talla S (6-8) Cintura 62 a 74 cm &nbsp;- Cadera 112 cm - Largo 104 cm</p>
<p>&bull; Talla M (8-10) Cintura 66 a 80 cm &nbsp;- Cadera 116 cm - Largo 105 cm</p>
<p>&bull; Talla L (10-12) Cintura 70 a 88 cm &nbsp;- Cadera 120 cm - Largo 106 cm</p>
</div>";color clarito, color claro, conjunto, natural, Pantalon, pantalon claro, set, tela clarita, tela natural;;;;SI;;;;
pantalon-soft-arena;;;Talla;M;;;;;165,000.00;115,500.00;0.00;0.00;0.00;0.00;0;;;;;;;;;;;;;;
pantalon-soft-arena;;;Talla;L;;;;;165,000.00;115,500.00;0.00;0.00;0.00;0.00;1;;;;;;;;;;;;;;
chaleco-neat-arena;Chaleco Neat Arena;Camisas y Chalecos;Talla;S;;;;;90,000.00;;0.00;0.00;0.00;0.00;7;;;SI;NO;"<p>Este chaleco lo tiene todo para convertirse en tu favorito. Hecho en una tela con una textura natural s&uacute;per especial, fue dise&ntilde;ado para que te sientas &uacute;nica. El cuello en 'V' alarga y estiliza, y puedes llevarlo cerrado o abierto con algo debajo, &iexcl;t&uacute; eliges! Aunque los chalecos est&aacute;n muy en tendencia, este dise&ntilde;o est&aacute; pensado para ser atemporal, para que lo disfrutes sin preocuparte de las modas pasajeras. Adem&aacute;s, puedes combinarlo con nuestro pantal&oacute;n soft, que tambi&eacute;n est&aacute; disponible, o llevarlo con tus jeans favoritos.</p>
<p>&bull; Xime usa talla S.</p>
<div>
<p>&bull; Composici&oacute;n: 80% Algod&oacute;n - 20% Ray&oacute;n</p>
<p>&bull; Talla S Pecho 86 cm&nbsp; - Largo 44 cm</p>
<p>&bull; Talla M Pecho 90 cm &nbsp;- Largo 46 cm</p>
<p>&bull; Talla L Pecho 94 cm &nbsp;- Largo 48 cm</p>
<p>&nbsp;</p>
</div>";a la moda, atemporal, casual, chaleco, colombia, moda, natural, tela natural, tendencia;;;;SI;;;;
chaleco-neat-arena;;;Talla;M;;;;;90,000.00;;0.00;0.00;0.00;0.00;3;;;;;;;;;;;;;;
chaleco-neat-arena;;;Talla;L;;;;;90,000.00;;0.00;0.00;0.00;0.00;0;;;;;;;;;;;;;;
camisa-dreamy-blanco;Camisa Dreamy Blanco;Camisas y Chalecos;Talla;S;;;;;135,000.00;;0.00;0.00;0.00;0.00;6;;;SI;NO;"<p>&iexcl;Tu nueva camisa favorita est&aacute; aqu&iacute;! Confeccionada en 100% algod&oacute;n, suave y fresca con una textura &uacute;nica que le da un look effortless. Los botones tienen un brillo tornasolado que enamora, y el bolsillo le da ese toque especial que la diferencia. Su silueta oversize es perfecta para combinar con pantalones de tiro alto. Ll&eacute;vala cerrada o abierta, &iexcl;como m&aacute;s te guste! &iquest;Lista para hacerla parte de tu look diario?</p>
<p>&bull; Xime usa talla S.</p>
<div>
<p>&bull; Composici&oacute;n: 100% Algod&oacute;n</p>
<p>&bull; Talla S Pecho 110 cm&nbsp; - Largo 45 cm</p>
<p>&bull; Talla M Pecho 114 cm &nbsp;- Largo 47 cm</p>
<p>&bull; Talla L Pecho 118 cm &nbsp;- Largo 49 cm</p>
<p>&nbsp;</p>
</div>";Basico, Blanco, camisa manga larga, colombia, Manga Larga, prenda algodon, tela algodon;;;;SI;;;;
camisa-dreamy-blanco;;;Talla;M;;;;;135,000.00;;0.00;0.00;0.00;0.00;7;;;;;;;;;;;;;;
camisa-dreamy-blanco;;;Talla;L;;;;;135,000.00;;0.00;0.00;0.00;0.00;3;;;;;;;;;;;;;;
camisa-dreamy-verde;Camisa Dreamy Verde;Camisas y Chalecos, Últimas unidades;Talla;S;;;;;135,000.00;94,500.00;0.00;0.00;0.00;0.00;9;;;SI;NO;"<p>&iexcl;Tu nueva camisa favorita est&aacute; aqu&iacute;! Confeccionada en 100% algod&oacute;n, suave y fresca con una textura &uacute;nica que le da un look effortless. Los botones tienen un brillo tornasolado que enamora, y el bolsillo le da ese toque especial que la diferencia. Su silueta oversize es perfecta para combinar con pantalones de tiro alto. Ll&eacute;vala cerrada o abierta, &iexcl;como m&aacute;s te guste! &iquest;Lista para hacerla parte de tu look diario?</p>
<p>&bull; Xime usa talla S.</p>
<div>
<p>&bull; Composici&oacute;n: 100% Algod&oacute;n</p>
<p>&bull; Talla S Pecho 110 cm - Largo 45 cm</p>
<p>&bull; Talla M Pecho 114 cm &nbsp;- Largo 47 cm</p>
<p>&bull; Talla L Pecho 118 cm &nbsp;- Largo 49 cm</p>
<p>&nbsp;</p>
</div>";Algodon, Camisa, camisa algodon, camisa manga larga, Manga Larga, prenda algodon, tela algodon, Verde;;;;SI;;;;
camisa-dreamy-verde;;;Talla;M;;;;;135,000.00;94,500.00;0.00;0.00;0.00;0.00;6;;;;;;;;;;;;;;
camisa-dreamy-verde;;;Talla;L;;;;;135,000.00;94,500.00;0.00;0.00;0.00;0.00;1;;;;;;;;;;;;;;
top-minimal-blanco;Top Minimal Blanco;Camisetas y Tops, Últimas unidades;Talla;S;;;;;75,000.00;52,500.00;0.00;0.00;0.00;0.00;6;;;SI;NO;"<p>&iexcl;El crop top blanco que transformar&aacute; tu cl&oacute;set! Este b&aacute;sico es un must-have que necesitas en tu vida. Su color neutro lo hace ultra f&aacute;cil de combinar, perfecto para crear looks hermosos. Hecho en algod&oacute;n, es tan suave que querr&aacute;s llevarlo todo el d&iacute;a. &iexcl;Y atenci&oacute;n! Viene con forro en la misma tela para que lo uses con o sin bra y te sientas siempre c&oacute;moda. Su dise&ntilde;o es un poco m&aacute;s largo que otros crop tops, ideal para esos pantalones de tiro alto que tanto amas. &iexcl;Atr&eacute;vete a brillar y hazlo tuyo!</p>
<p>&bull; Xime usa talla S.</p>
<div>
<p>&bull; Composici&oacute;n: 95% Algod&oacute;n - 5% Elastano</p>
<p>&bull; Talla S Pecho 70 a&nbsp; 87 cm &nbsp;- Largo 41 cm</p>
<p>&bull; Talla M Pecho 74 a 94 cm &nbsp;- Largo 42 cm</p>
<p>&bull; Talla L Pecho 78 a&nbsp; 100 cm &nbsp;- Largo 43 cm</p>
<p>&nbsp;</p>
</div>";Algodon, Basica, Basico, Blanco, Crop Top, esqueleto, top, top blanco;;;;SI;;;;
top-minimal-blanco;;;Talla;M;;;;;75,000.00;52,500.00;0.00;0.00;0.00;0.00;0;;;;;;;;;;;;;;
top-minimal-blanco;;;Talla;L;;;;;75,000.00;52,500.00;0.00;0.00;0.00;0.00;0;;;;;;;;;;;;;;
pantalon-peach-negro;Pantalón Peach Negro;Pantalones y Faldas;Talla;S;;;;;165,000.00;;0.00;0.00;0.00;0.00;4;;;SI;NO;"<p>&iexcl;El pantal&oacute;n perfecto para cualquier ocasi&oacute;n! Tiro alto, suelto y s&uacute;per c&oacute;modo. Su tela suave y sin arrugas es una delicia, mientras que los bolsillos y el el&aacute;stico trasero lo hacen ajustarse perfecto a tu cintura. Un b&aacute;sico que no puede faltar en tu cl&oacute;set. &iexcl;Te vas a enamorar apenas lo pruebes!</p>
<p>&bull; Xime usa talla S.</p>
<div>
<p>&bull; Composici&oacute;n: 95% Poliamida - 5% Elastano</p>
<p>&bull; Talla S (6-8) Cintura 64 a 78 cm &nbsp;- Cadera 116 cm - Largo 105 cm</p>
<p>&bull; Talla M (8-10) Cintura 68 a 82 cm &nbsp;- Cadera 118 cm - Largo 106 cm</p>
<p>&bull; Talla L (10-12) Cintura 72 a 92 cm &nbsp;- Cadera 120 cm - Largo 107 cm</p>
</div>";Negro, no se arruga, Pantalon, pantalon negro, pantalon peach, peach;;;;SI;;;;
pantalon-peach-negro;;;Talla;M;;;;;165,000.00;;0.00;0.00;0.00;0.00;3;;;;;;;;;;;;;;
pantalon-peach-negro;;;Talla;L;;;;;165,000.00;;0.00;0.00;0.00;0.00;0;;;;;;;;;;;;;;
pantalon-peach-taupe;Pantalón Peach Taupe;Pantalones y Faldas;Talla;S;;;;;165,000.00;;0.00;0.00;0.00;0.00;14;;;SI;NO;"<p>&iexcl;El pantal&oacute;n perfecto para cualquier ocasi&oacute;n! Tiro alto, suelto y s&uacute;per c&oacute;modo. Su tela suave y sin arrugas es una delicia, mientras que los bolsillos y el el&aacute;stico trasero lo hacen ajustarse perfecto a tu cintura. Un b&aacute;sico que no puede faltar en tu cl&oacute;set. &iexcl;Te vas a enamorar apenas lo pruebes!</p>
<p>&bull; Xime usa talla S.</p>
<div>
<p>&bull; Composici&oacute;n: 95% Poliamida - 5% Elastano</p>
<p>&bull; Talla S (6-8) Cintura 64 a 78 cm &nbsp;- Cadera 116 cm - Largo 105 cm</p>
<p>&bull; Talla M (8-10) Cintura 68 a 82 cm &nbsp;- Cadera 118 cm - Largo 106 cm</p>
<p>&bull; Talla L (10-12) Cintura 72 a 92 cm &nbsp;- Cadera 120 cm - Largo 107 cm</p>
</div>";Gris, gris claro, no se arruga, Pantalon, pantalon claro, pantalon peach, peach, taupe;;;;SI;;;;
pantalon-peach-taupe;;;Talla;M;;;;;165,000.00;;0.00;0.00;0.00;0.00;8;;;;;;;;;;;;;;
pantalon-peach-taupe;;;Talla;L;;;;;165,000.00;;0.00;0.00;0.00;0.00;2;;;;;;;;;;;;;;
pantalon-inky-copper;Pantalón Inky Copper;Pantalones y Faldas;Talla;S;;;;;135,000.00;;0.00;0.00;0.00;0.00;0;;;SI;NO;"<p>&iexcl;Necesitas este pantal&oacute;n en tu vida YA! Es s&uacute;per vers&aacute;til, nunca se arruga (adi&oacute;s, plancha) y es un must en tu armario. Tiene bolsillos para tus cosas y la tela es tan c&oacute;moda que no vas a querer quit&aacute;rtelo. &iexcl;Ah! Y tiene el&aacute;stico atr&aacute;s para que te quede perfecto. En serio, &iquest;qu&eacute; est&aacute;s esperando? &iexcl;No podr&aacute;s resistirte a su textura &uacute;nica y a lo incre&iacute;blemente c&oacute;modo que es!</p>
<p>&bull; Xime usa talla S.</p>
<div>
<p>&bull; Composici&oacute;n: 95% Poliamida - 5% Elastano</p>
<p>&bull; Talla S (6-8) Cintura 64 a 78 cm &nbsp;- Cadera 116 cm - Largo 105 cm</p>
<p>&bull; Talla M (8-10) Cintura 68 a 82 cm &nbsp;- Cadera 118 cm - Largo 106 cm</p>
<p>&bull; Talla L (10-12) Cintura 72 a 92 cm &nbsp;- Cadera 120 cm - Largo 107 cm</p>
</div>";;;;;SI;;;;
pantalon-inky-copper;;;Talla;M;;;;;135,000.00;;0.00;0.00;0.00;0.00;0;;;;;;;;;;;;;;
pantalon-inky-copper;;;Talla;L;;;;;135,000.00;;0.00;0.00;0.00;0.00;3;;;;;;;;;;;;;;
pantalon-classy-lino-arena;Pantalón Classy Lino - Arena;Pantalones y Faldas, Últimas unidades;Talla;S;;;;;165,000.00;99,000.00;0.00;0.00;0.00;0.00;0;;;SI;NO;"<p>Refresca tu estilo con nuestro pantal&oacute;n de lino: fresco, c&oacute;modo y lleno de estilo. Con corte recto, el&aacute;stico en la cintura y detalles cool como bot&oacute;n natural y bolsillos. Desde planes de playa, salidas con amigas, pasar una tarde tranquila, ir al cine o incluso para ir a trabajar, &iexcl;este pantal&oacute;n es todo lo que necesitas!</p>
<p>&bull;&nbsp;Tip: Nosotras lo combinamos con la&nbsp; Basica Algod&oacute;n Lila Polvo y queda perfecto</p>
<p>&bull; Xime usa talla S.</p>
<div>
<p>&bull; Composici&oacute;n: 100% Lino</p>
<p>&bull;&nbsp;Talla S (6-8) Cintura 62 a 82 cm - Cadera 110 cm - Largo 103 cm</p>
<p>&bull;&nbsp;Talla M (8-10) Cintura 66 a 86 cm - Cadera 114 cm - Largo 104 cm</p>
<p>&bull;&nbsp;Talla L (12-14) Cintura 70 a 90 cm - Cadera 120 cm - Largo 105 cm</p>
<p>&nbsp;</p>
</div>";Arena, Basico, beige, crudo, Lino, lino natural, natural, Pantalon, pantalon basico, pantalon beige, pantalon claro, pantalon lino, tela lino, tela natural;;;;SI;;;;
pantalon-classy-lino-arena;;;Talla;M;;;;;165,000.00;99,000.00;0.00;0.00;0.00;0.00;3;;;;;;;;;;;;;;
pantalon-classy-lino-arena;;;Talla;L;;;;;165,000.00;99,000.00;0.00;0.00;0.00;0.00;0;;;;;;;;;;;;;;
vestido-enigmatic;Vestido Enigmatic;Vestidos, Últimas unidades;Talla;S;;;;;158,000.00;94,800.00;0.00;0.00;0.00;0.00;0;;;SI;NO;"<p>&iexcl;Este vestido negro es como tu nuevo mejor amigo! Hecho con una tela fluida que tiene textura de lino, te hace sentir natural y libre, manteni&eacute;ndote fresca y c&oacute;moda mientras te mueves s&uacute;per libre gracias a su largo. El cuello en &#39;V&#39; le da un toque lindo y fresco a tu estilo. Este vestido ser&aacute; tu salvaci&oacute;n en cualquier momento, ya sea para una salida casual o algo un poco m&aacute;s formal.</p>

<p>&bull; Cata&nbsp;usa talla S.</p>

<div>
<p>&bull; Composici&oacute;n: 80% Ray&oacute;n&nbsp;- 20% Lino</p>

<p>&bull;&nbsp;Talla S Pecho 94&nbsp;cm - Largo 138&nbsp;cm</p>

<p>&bull;&nbsp;Talla M&nbsp;Pecho 98&nbsp;cm - Largo 140&nbsp;cm</p>

<p>&bull;&nbsp;Talla L&nbsp;Pecho 102&nbsp;cm - Largo 142&nbsp;cm</p>
</div>
";Basico, casual, elegante, fresco, natural, Negro, Oversize, vestido, vestido largo, vestido lino, vestido negro;;;;SI;;;;
vestido-enigmatic;;;Talla;M;;;;;158,000.00;94,800.00;0.00;0.00;0.00;0.00;5;;;;;;;;;;;;;;
vestido-enigmatic;;;Talla;L;;;;;158,000.00;94,800.00;0.00;0.00;0.00;0.00;0;;;;;;;;;;;;;;
vestido-moonlit;Vestido Moonlit;Vestidos;Talla;S;;;;;140,000.00;;0.00;0.00;0.00;0.00;0;;;SI;NO;"<p>Este vestido lo tiene todo: mangas 3/4 para un look casual, falda recogida para moverte sin preocupaciones y tela ligera con textura de lino para un estilo natural y relajado. El escote le da un toque s&uacute;per lindo, perfecto para cualquier momento, desde salidas con amigos hasta un date. &iexcl;Lista para ser la m&aacute;s top y sentirte c&oacute;moda todo el d&iacute;a! Ah, adem&aacute;s, &iquest;qui&eacute;n no necesita un vestido negro en su closet?</p>

<p>&bull; Cata&nbsp;usa talla S.</p>

<div>
<p>&bull; Composici&oacute;n: 80% Ray&oacute;n&nbsp;- 20% Lino</p>

<p>&bull;&nbsp;Talla S Pecho 94&nbsp;cm - Largo delantero 85&nbsp;cm - Largo posterior 95&nbsp;cm</p>

<p>&bull;&nbsp;Talla M&nbsp;Pecho 98&nbsp;cm - Largo delantero 86&nbsp;cm - Largo posterior 96&nbsp;cm</p>

<p>&bull;&nbsp;Talla L&nbsp;Pecho&nbsp;102&nbsp;cm - Largo delantero 88&nbsp;cm - Largo posterior 98&nbsp;cm</p>
</div>
";Basico, dress, fresco, natural, Negro, Oversize, vestido, vestido corto, vestido lino, vestido mangas, vestido negro;;;;SI;;;;
vestido-moonlit;;;Talla;M;;;;;140,000.00;;0.00;0.00;0.00;0.00;1;;;;;;;;;;;;;;
vestido-moonlit;;;Talla;L;;;;;140,000.00;;0.00;0.00;0.00;0.00;2;;;;;;;;;;;;;;
vestido-sienna;Vestido Sienna;Vestidos, Últimas unidades;Talla;S;;;;;140,000.00;98,000.00;0.00;0.00;0.00;0.00;0;;;SI;NO;"<p>Este vestido lo tiene todo: mangas 3/4 para un look casual, falda recogida para moverte sin preocupaciones y tela ligera con textura de lino para un estilo natural y relajado. El escote le da un toque s&uacute;per lindo, perfecto para cualquier momento, desde salidas con amigos hasta un date. &iexcl;Lista para ser la m&aacute;s top y sentirte c&oacute;moda todo el d&iacute;a! Ah, adem&aacute;s, es un toque de color que tu closet necesita.</p>

<p>&bull; Cata&nbsp;usa talla S.</p>

<div>
<p>&bull; Composici&oacute;n: 80% Ray&oacute;n&nbsp;- 20% Lino</p>

<p>&bull;&nbsp;Talla S Pecho 94&nbsp;cm - Largo delantero 85&nbsp;cm - Largo posterior 95&nbsp;cm</p>

<p>&bull;&nbsp;Talla M&nbsp;Pecho 98&nbsp;cm - Largo delantero 86&nbsp;cm - Largo posterior 96&nbsp;cm</p>

<p>&bull;&nbsp;Talla L&nbsp;Pecho&nbsp;102&nbsp;cm - Largo delantero 88&nbsp;cm - Largo posterior 98&nbsp;cm</p>
</div>
";Basico, color, dress, fresco, natural, Oversize, Terra, Terracota, vestido, vestido corto, vestido lino, vestido mangas;;;;SI;;;;
vestido-sienna;;;Talla;M;;;;;140,000.00;98,000.00;0.00;0.00;0.00;0.00;2;;;;;;;;;;;;;;
vestido-sienna;;;Talla;L;;;;;140,000.00;98,000.00;0.00;0.00;0.00;0.00;1;;;;;;;;;;;;;;
jumpsuit-cooper;Jumpsuit Cooper;Vestidos, Últimas unidades;Talla;S;;;;;164,000.00;98,400.00;0.00;0.00;0.00;0.00;0;;;SI;NO;"<p>&iexcl;Oye, no te puedes perder nuestro jumpsuit! Es el match perfecto entre comodidad, frescura y versatilidad. No es solo otra prenda m&aacute;s, &iexcl;es tu salvavidas diario para verte s&uacute;per top! Con bolsillos y tiras ajustables para personalizar el largo como quieras. Nuestra tela innovadora te libra de las arrugas y el planchado. &Uacute;salo con camisetas o tops para crear un look diferente cada d&iacute;a. Es la prenda que necesitas para verte genial sin esfuerzo. &iexcl;Esta pieza s&iacute; o si&nbsp;debe estar en tu armario!&nbsp;</p>

<div>&bull;&nbsp;Tip: Nosotras lo combinamos con el Top Essential en color negro y queda perfecto</div>

<p>&bull; Cata&nbsp;usa talla S.</p>

<div>
<p>&bull; Composici&oacute;n: 95% Poliamida - 5% Elastano</p>

<p>&bull;&nbsp;Talla S Cadera 100&nbsp;cm - Largo 135&nbsp;cm</p>

<p>&bull;&nbsp;Talla M&nbsp;Cadera 106&nbsp;cm - Largo 138&nbsp;cm</p>

<p>&bull;&nbsp;Talla L&nbsp;Cadera 110 cm - Largo 140&nbsp;cm</p>
</div>
";Bobito, cafe, cafe claro, crudo, Enterizo, fresco, Jumpsuit, natural, overall, Tiras, vestido tiras;;;;SI;;;;
jumpsuit-cooper;;;Talla;M;;;;;164,000.00;98,400.00;0.00;0.00;0.00;0.00;4;;;;;;;;;;;;;;
jumpsuit-cooper;;;Talla;L;;;;;164,000.00;98,400.00;0.00;0.00;0.00;0.00;0;;;;;;;;;;;;;;
vestido-savannah-lino;Vestido Savannah Lino;Vestidos, Últimas unidades;Talla;S;;;;;172,000.00;103,200.00;0.00;0.00;0.00;0.00;14;;;SI;NO;"<p>&iexcl;Prep&aacute;rate para enamorarte de la onda natural de nuestro vestido de lino! Su tela y dise&ntilde;o holgados te har&aacute;n sentir s&uacute;per c&oacute;moda todo el d&iacute;a. Adem&aacute;s, &iexcl;el estampado de hojas le da un toque &uacute;nico y s&uacute;per lindo! Con tiras ajustables y aberturas laterales para m&aacute;s movimiento. &iexcl;Este vestido es el toque fresco que tu armario necesita! &iexcl;Ah! Y lo m&aacute;s importante, &iexcl;tiene bolsillos!</p>

<p>&bull; Cata&nbsp;usa talla S.</p>

<div>
<p>&bull; Composici&oacute;n: 100% Lino</p>

<p>&bull;&nbsp;Talla S Pecho 88&nbsp;cm - Cadera 110 cm - Largo 125&nbsp;cm</p>

<p>&bull;&nbsp;Talla M&nbsp;Pecho 94&nbsp;cm - Cadera 112&nbsp;cm -&nbsp;Largo 126&nbsp;cm</p>

<p>&bull;&nbsp;Talla L&nbsp;Pecho 98&nbsp;cm - Cadera 116&nbsp;cm -&nbsp;Largo 128 cm</p>
</div>
";Estampado, fresco, natural, organico, vestido, vestido estampado, vestido largo, vestido lino, vestido tiras;;;;SI;;;;
vestido-savannah-lino;;;Talla;M;;;;;172,000.00;103,200.00;0.00;0.00;0.00;0.00;11;;;;;;;;;;;;;;
vestido-savannah-lino;;;Talla;L;;;;;172,000.00;103,200.00;0.00;0.00;0.00;0.00;0;;;;;;;;;;;;;;
basicaalgodoncrema;Básica Algodón Crema;Camisetas y Tops, Últimas unidades;Talla;S;;;;;75,000.00;37,500.00;0.00;0.00;0.00;0.00;10;;;SI;NO;"<p>&iexcl;Sum&eacute;rgete en la frescura y suavidad de nuestra incre&iacute;ble camiseta de algod&oacute;n en un hermoso color crema! Hecha con un tejido de alta calidad que simplemente te va a encantar. Sus mangas remangadas y su cuello en V le dan un toque vers&aacute;til y s&uacute;per relajado, &iexcl;perfecta&nbsp;para combinar con esos pantalones de tiro alto que tanto te gustan! Ya sea para un d&iacute;a de paseo, para ir al trabajo o simplemente para una tarde chill.</p>

<p>&bull; Cata usa talla S.</p>

<div>
<p>&bull; Composici&oacute;n: 100% Algod&oacute;n</p>

<p>&bull;&nbsp;Talla S Pecho 98&nbsp;cm -&nbsp;Largo 45&nbsp;cm</p>

<p>&bull;&nbsp;Talla M&nbsp;Pecho 102&nbsp;cm&nbsp;-&nbsp;Largo 47&nbsp;cm</p>

<p>&bull;&nbsp;Talla L&nbsp;Pecho 106&nbsp;cm&nbsp;-&nbsp;Largo 48&nbsp;cm</p>
</div>
";Algodon, Basica, Basico, camisa algodon, Camiseta, camiseta algodon, camiseta basica, casual, crema, crop, crudo, fresco, manga corta, natural, organico;;;;SI;;;;
basicaalgodoncrema;;;Talla;M;;;;;75,000.00;37,500.00;0.00;0.00;0.00;0.00;14;;;;;;;;;;;;;;
basicaalgodoncrema;;;Talla;L;;;;;75,000.00;37,500.00;0.00;0.00;0.00;0.00;5;;;;;;;;;;;;;;
basica-algodon-lila-polvo;Básica Algodón Lila Polvo;Camisetas y Tops, Últimas unidades;Talla;S;;;;;75,000.00;37,500.00;0.00;0.00;0.00;0.00;5;;;SI;NO;"<p>&iexcl;Sum&eacute;rgete en la frescura y suavidad de nuestra incre&iacute;ble camiseta de algod&oacute;n en un hermoso color lila empolvado! Hecha con un tejido de alta calidad que simplemente te va a encantar. Sus mangas remangadas y su cuello en V le dan un toque vers&aacute;til y s&uacute;per relajado, &iexcl;perfecta&nbsp;para combinar con esos pantalones de tiro alto que tanto te gustan! Ya sea para un d&iacute;a de paseo, para ir al trabajo o simplemente para una tarde chill.</p>

<p>&bull;&nbsp;Tip: Nosotras lo combinamos con el Pantal&oacute;n Classy Lino - Arena y queda perfecto</p>

<p>&bull; Cata&nbsp;usa talla S.</p>

<div>
<p>&bull; Composici&oacute;n: 100% Algod&oacute;n</p>

<p>&bull;&nbsp;Talla S Pecho 98&nbsp;cm -&nbsp;Largo 45&nbsp;cm</p>

<p>&bull;&nbsp;Talla M&nbsp;Pecho 102&nbsp;cm&nbsp;-&nbsp;Largo 47&nbsp;cm</p>

<p>&bull;&nbsp;Talla L&nbsp;Pecho 106&nbsp;cm&nbsp;-&nbsp;Largo 48&nbsp;cm</p>
</div>
";Algodon, Basica, Basico, Camiseta, camiseta algodon, camiseta basica, casual, color, crop, cuello v, lila, manga corta, mora, morado, natural, polvo;;;;SI;;;;
basica-algodon-lila-polvo;;;Talla;M;;;;;75,000.00;37,500.00;0.00;0.00;0.00;0.00;10;;;;;;;;;;;;;;
basica-algodon-lila-polvo;;;Talla;L;;;;;75,000.00;37,500.00;0.00;0.00;0.00;0.00;2;;;;;;;;;;;;;;
camisa-negra;Camisa Chill Negro;Camisas y Chalecos;Talla;S;;;;;124,000.00;;0.00;0.00;0.00;0.00;2;;;SI;NO;"<p>&iexcl;Una camisa negra es una pieza que todas necesitamos! Y que mejor que este dise&ntilde;o con silueta amplia como tanto nos gusta, puedes usarla cerrada o abierta con un top b&aacute;sico por debajo, manga larga o recogida para un look s&uacute;per casual, la idea es que t&uacute; le pongas tu propio estilo, con jeans, pantalones, vestidos, faldas o shorts... siempre queda bien.</p>

<p>La camisa es 100% algod&oacute;n, s&uacute;per fresca, con hombros ca&iacute;dos, la parte de atr&aacute;s es m&aacute;s larga que adelante y tiene entradas a los lados para darle un toque lindo y especial :)</p>

<p>&bull; Xime&nbsp;usa talla S&nbsp;</p>

<div>
<p>&bull; Composici&oacute;n: 100% Algod&oacute;n</p>

<p>&bull; Talla S Pecho 108&nbsp;cm - Largo Frontal&nbsp;&nbsp;70 cm&nbsp;- Largo Posterior&nbsp;76 cm</p>

<p>&bull; Talla M&nbsp;Pecho 114&nbsp;cm&nbsp;- Largo Frontal&nbsp;&nbsp;71&nbsp;cm&nbsp;-&nbsp;Largo Posterior&nbsp;77&nbsp;cm</p>

<p>&bull; Talla L&nbsp;Pecho 118&nbsp;cm&nbsp;- Largo Frontal&nbsp; 74&nbsp;cm&nbsp;-&nbsp;Largo Posterior 80&nbsp;cm</p>
</div>
";Algodon, Camisa, camisa algodon, casual, Oversize;;;;SI;;;;
camisa-negra;;;Talla;M;;;;;124,000.00;;0.00;0.00;0.00;0.00;6;;;;;;;;;;;;;;
camisa-negra;;;Talla;L;;;;;124,000.00;;0.00;0.00;0.00;0.00;2;;;;;;;;;;;;;;
camiseta-cielo;Camiseta Sky Azul;Camisetas y Tops, Últimas unidades;Talla;S;;;;;75,000.00;37,500.00;0.00;0.00;0.00;0.00;2;;;SI;NO;"<p>Camiseta 100% algod&oacute;n, en nuestra tela especial, que amamos y todas ustedes han amado tambi&eacute;n. Esta vez en un color que nos encanta, fresquita y suave. Una opci&oacute;n perfecta para completar un look lindo y casual.<br />
Manga corta, con detalles en la parte de abajo que le dan toque &uacute;nico y especial, adem&aacute;s, tiene el fit perfecto para verte linda y sentirte c&oacute;moda. &iexcl;Necesitamos camisetas en todos los colores!</p>

<div>
<p>&bull; Xime&nbsp;usa talla S.</p>

<div>
<p>&bull; Composici&oacute;n: 100% Algod&oacute;n</p>

<p>&bull;&nbsp;Talla S Pecho 100&nbsp;cm &nbsp;- Largo 56&nbsp;cm</p>

<p>&bull;&nbsp;Talla M&nbsp;Pecho 102&nbsp;cm&nbsp;&nbsp;-&nbsp;Largo 58&nbsp;cm</p>

<p>&bull;&nbsp;Talla L&nbsp;Pecho 108&nbsp;cm -&nbsp;Largo 61&nbsp;cm</p>
</div>
</div>
";Algodon, Camiseta, camiseta algodon;;;;SI;;;;
camiseta-cielo;;;Talla;M;;;;;75,000.00;37,500.00;0.00;0.00;0.00;0.00;1;;;;;;;;;;;;;;
camiseta-cielo;;;Talla;L;;;;;75,000.00;37,500.00;0.00;0.00;0.00;0.00;0;;;;;;;;;;;;;;
camiseta-unisex-menta;Camiseta Mint Unisex;Camisetas y Tops, Últimas unidades;Talla;S;;;;;82,000.00;41,000.00;0.00;0.00;0.00;0.00;0;;;SI;NO;"<p>&iexcl;Un b&aacute;sico que s&iacute; o s&iacute; necesitas en tu closet!&nbsp;&nbsp;<br />
Silueta amplia y unisex para que te sientas extremadamente c&oacute;mod@. Puedes usarla con jeans, bikers y shorts, de todas las formas se ve superbi&eacute;n. Tambi&eacute;n puedes usarla con pantalones y ponerla por dentro para darle un estilo diferente.&nbsp;<br />
Es en algod&oacute;n, lo que la hace ideal para el d&iacute;a a d&iacute;a,&nbsp;tiene detalles en los hombros y espalda que la hacen especial.</p>

<p>&bull; Ana Mar&iacute;a usa talla S&nbsp;y Felipe usa talla M</p>

<div>
<p>&bull; Composici&oacute;n: 100% Algod&oacute;n&nbsp;</p>

<p>&bull; Talla S Pecho 112 cm&nbsp; - Largo 73 cm</p>

<p>&bull; Talla M Pecho 114 cm&nbsp; - Largo 74 cm</p>

<p>&bull; Talla L Pecho 116 cm&nbsp; - Largo 75 cm</p>
</div>
";;;;Tórrida;SI;;;;
camiseta-unisex-menta;;;Talla;M;;;;;82,000.00;41,000.00;0.00;0.00;0.00;0.00;1;;;;;;;;;;;;;;
camiseta-unisex-menta;;;Talla;L;;;;;82,000.00;41,000.00;0.00;0.00;0.00;0.00;4;;;;;;;;;;;;;;
camiseta-unisex-guayaba;Camiseta Shell Unisex;Camisetas y Tops, Últimas unidades;Talla;S;;;;;82,000.00;41,000.00;0.00;0.00;0.00;0.00;0;;;SI;NO;"<p>&iexcl;Un b&aacute;sico que s&iacute; o s&iacute; necesitas en tu closet!&nbsp;&nbsp;<br />
Silueta amplia y unisex para que te sientas extremadamente c&oacute;mod@. Puedes usarla con jeans, bikers y shorts, de todas las formas se ve superbi&eacute;n. Tambi&eacute;n puedes usarla con pantalones y ponerla por dentro para darle un estilo diferente.&nbsp;<br />
Es en algod&oacute;n, lo que la hace ideal para el d&iacute;a a d&iacute;a,&nbsp;tiene detalles en los hombros y espalda que la hacen especial.</p>

<p>&bull; Ana Mar&iacute;a usa talla S&nbsp;y Felipe usa talla M</p>

<div>
<p>&bull; Composici&oacute;n: 100% Algod&oacute;n&nbsp;</p>

<p>&bull; Talla S Pecho 112 cm&nbsp; - Largo 73 cm</p>

<p>&bull; Talla M Pecho 114 cm&nbsp; - Largo 74 cm</p>

<p>&bull; Talla L Pecho 116 cm&nbsp; - Largo 75 cm</p>
</div>
";;;;Tórrida;SI;;;;
camiseta-unisex-guayaba;;;Talla;M;;;;;82,000.00;41,000.00;0.00;0.00;0.00;0.00;0;;;;;;;;;;;;;;
camiseta-unisex-guayaba;;;Talla;L;;;;;82,000.00;41,000.00;0.00;0.00;0.00;0.00;1;;;;;;;;;;;;;;
falda-taupe;Falda Light Taupe;Pantalones y Faldas, Últimas unidades;Talla;S;;;;;128,000.00;76,800.00;0.00;0.00;0.00;0.00;0;;;SI;NO;"<p>&iexcl;Esta falda te va a sacar de un mont&oacute;n de apuros!&nbsp;</p>

<p>Es s&uacute;per casual y tiene un dise&ntilde;o sencillo, pero al mismo tiempo lindo y vers&aacute;til para combinar de un mont&oacute;n de formas. Puedes usarla con camisetas, camisas, crop tops, &iexcl;tenis, sandalias o botas! Con todo queda muy bien :)</p>

<p>Se ajusta en la cintura con una pretina resortada en la parte de atr&aacute;s y lisa adelante, sencilla, casual, f&aacute;cil de combinar, &iexcl;una falda que te va a encantar!</p>

<p>&bull; Ana Mar&iacute;a usa talla S&nbsp;</p>

<div>
<p>&bull; Composici&oacute;n: 100% Ray&oacute;n</p>

<p>&bull; Talla S Cintura 70 a 84 cm - Cadera 108 cm - Largo 95 cm</p>

<p>&bull; Talla M&nbsp;Cintura 72&nbsp;a 86&nbsp;cm - Cadera 110&nbsp;cm - Largo 96&nbsp;cm</p>

<p>&bull; Talla L&nbsp;Cintura 74&nbsp;a 88&nbsp;cm - Cadera 112&nbsp;cm - Largo 97&nbsp;cm</p>
</div>
";Falda, partes de abajo, taupe;;;Tórrida;SI;;;;
falda-taupe;;;Talla;M;;;;;128,000.00;76,800.00;0.00;0.00;0.00;0.00;5;;;;;;;;;;;;;;
falda-taupe;;;Talla;L;;;;;128,000.00;76,800.00;0.00;0.00;0.00;0.00;0;;;;;;;;;;;;;;
buso-manga-larga-verde;Top Mossy;Camisetas y Tops;Talla;S;;;;;92,000.00;;0.00;0.00;0.00;0.00;2;;;SI;NO;"<p>&iexcl;Top manga larga en algod&oacute;n, con textura a rayas!&nbsp;</p>

<p>Cuello amplio y bajos en corte recto para darle un toque descomplicado y al mismo tiempo especial. Con hombros ca&iacute;dos y silueta amplia.</p>

<p>&iexcl;Es una pieza a la que le puedes sacar much&iacute;simo provecho! Puedes usarla tanto para ir al trabajo, algo un poco m&aacute;s formal o para salidas tranqui los findes de semana.</p>

<p>Un b&aacute;sico que combina y queda bien con todo, jeans, pantalones y faldas.</p>

<p>&bull; Ana Mar&iacute;a usa talla S&nbsp;</p>

<div>
<p>&bull; Composici&oacute;n: 95% Algod&oacute;n - 5% Elastano</p>

<p>&bull; Talla S Pecho 100&nbsp;cm - Largo 47&nbsp;cm&nbsp;</p>

<p>&bull; Talla M&nbsp;Pecho 104&nbsp;cm - Largo&nbsp;49&nbsp;cm&nbsp;</p>

<p>&bull; Talla L&nbsp;Pecho 108&nbsp;cm - Largo&nbsp;51&nbsp;cm&nbsp;</p>
</div>

<div>
<div>&nbsp;</div>
</div>

<p>&nbsp;</p>
";Algodon, Blusa, buso, Manga Larga, Partes de arriba;;;Tórrida;SI;;;;
buso-manga-larga-verde;;;Talla;M;;;;;92,000.00;;0.00;0.00;0.00;0.00;4;;;;;;;;;;;;;;
buso-manga-larga-verde;;;Talla;L;;;;;92,000.00;;0.00;0.00;0.00;0.00;0;;;;;;;;;;;;;;
camiseta-comfy-gris;Camiseta Comfy Gris;Camisetas y Tops;Talla;S;;;;;68,000.00;;0.10;2.00;10.00;10.00;1;;;SI;NO;"<p>Camiseta en algod&oacute;n, con detalles en las costuras, un basico que necesitas en tu vida.</p>

<p>&bull; Maria&nbsp;usa talla S.</p>

<div>
<p>&bull; Composici&oacute;n: 100% Algod&oacute;n&nbsp;</p>

<p>&bull;&nbsp;Talla S Pecho 100&nbsp;cm &nbsp;- Largo 50&nbsp;cm</p>

<p>&bull;&nbsp;Talla M&nbsp;Pecho 104&nbsp;cm&nbsp;&nbsp;- Largo 53&nbsp;cm</p>

<p>&bull;&nbsp;Talla L&nbsp;Pecho 108&nbsp;cm&nbsp;&nbsp;- Largo 55&nbsp;cm</p>
</div>
";Algodon, Camiseta, camiseta algodon;;;Tórrida;SI;;;;
camiseta-comfy-gris;;;Talla;M;;;;;68,000.00;;0.10;2.00;10.00;10.00;1;;;;;;;;;;;;;;
camiseta-comfy-gris;;;Talla;L;;;;;68,000.00;;0.10;2.00;10.00;10.00;0;;;;;;;;;;;;;;
blusa-serena-rosa;Blusa Serena Rosa;Camisetas y Tops, Últimas unidades;Talla;S;;;;;68,000.00;34,000.00;0.50;10.00;10.00;2.00;1;;;SI;NO;"<p>Este basico no te deberia de faltar en tu closet! es como nosotras lo llamamos &quot;basico pero cool&quot; su tela es elastica y&nbsp;suavecita, con textura en rayas para darle m&aacute;s estilo.</p>

<p>&bull; Mariana usa talla S</p>

<p>&bull; Composici&oacute;n: 80% Algod&oacute;n&nbsp;- 20% Spandex</p>

<p>&bull;&nbsp;Talla S Pecho entre 76&nbsp;a 90&nbsp;cm - Largo 50&nbsp;cm</p>

<p>&bull;&nbsp;Talla M&nbsp;Pecho entre 78&nbsp;a 92&nbsp;cm - Largo 52&nbsp;cm</p>

<p>&bull;&nbsp;Talla L&nbsp;Pecho entre 86&nbsp;a 98&nbsp;cm - Largo 55&nbsp;cm</p>
";Basico, Blusa, Rosa;;;Tórrida;SI;;;;
blusa-serena-rosa;;;Talla;M;;;;;68,000.00;34,000.00;0.50;10.00;10.00;2.00;1;;;;;;;;;;;;;;
blusa-serena-rosa;;;Talla;L;;;;;68,000.00;34,000.00;0.50;10.00;10.00;2.00;0;;;;;;;;;;;;;;
